city,state,city_slug,zips,service,service_slug,primary_keyword,secondary_keywords,suggested_url
Wixom,MI,wixom,48393,House Cleaning,house-cleaning,house cleaning in Wixom MI,best house cleaning in Wixom | Wixom house cleaning company | affordable house cleaning Wixom MI | house cleaning Wixom 48393 | house cleaning near me Wixom,/mi/wixom/house-cleaning/
Wixom,MI,wixom,48393,Deep Cleaning,deep-cleaning,deep cleaning in Wixom MI,best deep cleaning in Wixom | Wixom deep cleaning company | affordable deep cleaning Wixom MI | deep cleaning Wixom 48393 | deep cleaning near me Wixom,/mi/wixom/deep-cleaning/
Wixom,MI,wixom,48393,Move-Out Cleaning,move-out-cleaning,move-out cleaning in Wixom MI,best move-out cleaning in Wixom | Wixom move-out cleaning company | affordable move-out cleaning Wixom MI | move-out cleaning Wixom 48393 | move-out cleaning near me Wixom,/mi/wixom/move-out-cleaning/
Wixom,MI,wixom,48393,Recurring Maid Service,recurring-maid-service,recurring maid service in Wixom MI,best recurring maid service in Wixom | Wixom recurring maid service company | affordable recurring maid service Wixom MI | recurring maid service Wixom 48393 | recurring maid service near me Wixom,/mi/wixom/recurring-maid-service/
Wixom,MI,wixom,48393,Office Cleaning,office-cleaning,office cleaning in Wixom MI,best office cleaning in Wixom | Wixom office cleaning company | affordable office cleaning Wixom MI | office cleaning Wixom 48393,/mi/wixom/office-cleaning/
Wixom,MI,wixom,48393,Apartment Cleaning,apartment-cleaning,apartment cleaning in Wixom MI,best apartment cleaning in Wixom | Wixom apartment cleaning company | affordable apartment cleaning Wixom MI | apartment cleaning Wixom 48393,/mi/wixom/apartment-cleaning/
Wixom,MI,wixom,48393,Airbnb / Short-Term Rental Turnover,airbnb-turnover-cleaning,airbnb / short-term rental turnover in Wixom MI,best airbnb / short-term rental turnover in Wixom | Wixom airbnb / short-term rental turnover company | affordable airbnb / short-term rental turnover Wixom MI | airbnb / short-term rental turnover Wixom 48393,/mi/wixom/airbnb-turnover-cleaning/
Wixom,MI,wixom,48393,Post-Construction Cleaning,post-construction-cleaning,post-construction cleaning in Wixom MI,best post-construction cleaning in Wixom | Wixom post-construction cleaning company | affordable post-construction cleaning Wixom MI | post-construction cleaning Wixom 48393,/mi/wixom/post-construction-cleaning/
Wixom,MI,wixom,48393,Same-Day Cleaning,same-day-cleaning,same-day cleaning in Wixom MI,best same-day cleaning in Wixom | Wixom same-day cleaning company | affordable same-day cleaning Wixom MI | same-day cleaning Wixom 48393,/mi/wixom/same-day-cleaning/
Novi,MI,novi,48374|48375|48377,House Cleaning,house-cleaning,house cleaning in Novi MI,best house cleaning in Novi | Novi house cleaning company | affordable house cleaning Novi MI | house cleaning Novi 48374 | house cleaning near me Novi,/mi/novi/house-cleaning/
Novi,MI,novi,48374|48375|48377,Deep Cleaning,deep-cleaning,deep cleaning in Novi MI,best deep cleaning in Novi | Novi deep cleaning company | affordable deep cleaning Novi MI | deep cleaning Novi 48374 | deep cleaning near me Novi,/mi/novi/deep-cleaning/
Novi,MI,novi,48374|48375|48377,Move-Out Cleaning,move-out-cleaning,move-out cleaning in Novi MI,best move-out cleaning in Novi | Novi move-out cleaning company | affordable move-out cleaning Novi MI | move-out cleaning Novi 48374 | move-out cleaning near me Novi,/mi/novi/move-out-cleaning/
Novi,MI,novi,48374|48375|48377,Recurring Maid Service,recurring-maid-service,recurring maid service in Novi MI,best recurring maid service in Novi | Novi recurring maid service company | affordable recurring maid service Novi MI | recurring maid service Novi 48374 | recurring maid service near me Novi,/mi/novi/recurring-maid-service/
Novi,MI,novi,48374|48375|48377,Office Cleaning,office-cleaning,office cleaning in Novi MI,best office cleaning in Novi | Novi office cleaning company | affordable office cleaning Novi MI | office cleaning Novi 48374,/mi/novi/office-cleaning/
Novi,MI,novi,48374|48375|48377,Apartment Cleaning,apartment-cleaning,apartment cleaning in Novi MI,best apartment cleaning in Novi | Novi apartment cleaning company | affordable apartment cleaning Novi MI | apartment cleaning Novi 48374,/mi/novi/apartment-cleaning/
Novi,MI,novi,48374|48375|48377,Airbnb / Short-Term Rental Turnover,airbnb-turnover-cleaning,airbnb / short-term rental turnover in Novi MI,best airbnb / short-term rental turnover in Novi | Novi airbnb / short-term rental turnover company | affordable airbnb / short-term rental turnover Novi MI | airbnb / short-term rental turnover Novi 48374,/mi/novi/airbnb-turnover-cleaning/
Novi,MI,novi,48374|48375|48377,Post-Construction Cleaning,post-construction-cleaning,post-construction cleaning in Novi MI,best post-construction cleaning in Novi | Novi post-construction cleaning company | affordable post-construction cleaning Novi MI | post-construction cleaning Novi 48374,/mi/novi/post-construction-cleaning/
Novi,MI,novi,48374|48375|48377,Same-Day Cleaning,same-day-cleaning,same-day cleaning in Novi MI,best same-day cleaning in Novi | Novi same-day cleaning company | affordable same-day cleaning Novi MI | same-day cleaning Novi 48374,/mi/novi/same-day-cleaning/
Milford,MI,milford,48381,House Cleaning,house-cleaning,house cleaning in Milford MI,best house cleaning in Milford | Milford house cleaning company | affordable house cleaning Milford MI | house cleaning Milford 48381 | house cleaning near me Milford,/mi/milford/house-cleaning/
Milford,MI,milford,48381,Deep Cleaning,deep-cleaning,deep cleaning in Milford MI,best deep cleaning in Milford | Milford deep cleaning company | affordable deep cleaning Milford MI | deep cleaning Milford 48381 | deep cleaning near me Milford,/mi/milford/deep-cleaning/
